Company,Video URL
Tesla,https://www.youtube.com/watch?v=6-HuAYqoz5c&pp=ygULVGVzbGEgc3RvY2s%3D
Tesla,https://www.youtube.com/watch?v=TouDBG4KL1Y&pp=ygULVGVzbGEgc3RvY2s%3D
Tesla,https://www.youtube.com/watch?v=yUjfeS-s-lM&pp=ygULVGVzbGEgc3RvY2s%3D
Tesla,https://www.youtube.com/watch?v=F2qg6sghntk&pp=ygULVGVzbGEgc3RvY2s%3D
Tesla,https://www.youtube.com/watch?v=mrcHGKBssm4&pp=ygULVGVzbGEgc3RvY2s%3D
Tesla,https://www.youtube.com/watch?v=wwy9-RYn9DM&pp=ygULVGVzbGEgc3RvY2s%3D
Tesla,https://www.youtube.com/watch?v=oFPi8fekqnU&pp=ygULVGVzbGEgc3RvY2s%3D
Tesla,https://www.youtube.com/watch?v=MW6BDdfEV5I&pp=ygULVGVzbGEgc3RvY2s%3D
Tesla,https://www.youtube.com/watch?v=DNDoOcTvsiU&pp=ygULVGVzbGEgc3RvY2s%3D
Tesla,https://www.youtube.com/watch?v=a3qYPeRIuWM&pp=ygULVGVzbGEgc3RvY2s%3D
Tesla,https://www.youtube.com/watch?v=B7aYi4fAPd8&pp=ygULVGVzbGEgc3RvY2s%3D
Tesla,https://www.youtube.com/watch?v=cadjznQzrAs&pp=ygULVGVzbGEgc3RvY2s%3D
Tesla,https://www.youtube.com/watch?v=-EC3AtOUsdI&pp=ygULVGVzbGEgc3RvY2s%3D
Tesla,https://www.youtube.com/watch?v=KE0JbbHb1lY&pp=ygULVGVzbGEgc3RvY2s%3D
Tesla,https://www.youtube.com/watch?v=7WixD7lVHec&pp=ygULVGVzbGEgc3RvY2s%3D
Tesla,https://www.youtube.com/watch?v=T2HcE1tvkro&pp=ygULVGVzbGEgc3RvY2s%3D
Tesla,https://www.youtube.com/watch?v=7EcuXAvSPzw&pp=ygULVGVzbGEgc3RvY2s%3D
Tesla,https://www.youtube.com/watch?v=97BMAt6oVz4&pp=ygULVGVzbGEgc3RvY2s%3D
Tesla,https://www.youtube.com/watch?v=LXrd7giFFI4&pp=ygULVGVzbGEgc3RvY2s%3D
Tesla,https://www.youtube.com/watch?v=SVgeJxIoyd4&pp=ygULVGVzbGEgc3RvY2s%3D
Tesla,https://www.youtube.com/watch?v=JwLJ6h6jIcY&pp=ygULVGVzbGEgc3RvY2s%3D
Tesla,https://www.youtube.com/watch?v=hvuZsk7Kf94&pp=ygULVGVzbGEgc3RvY2s%3D
Tesla,https://www.youtube.com/watch?v=_T6WOqSeZYg&pp=ygULVGVzbGEgc3RvY2s%3D
Tesla,https://www.youtube.com/watch?v=N4Lpio3ZIAk&pp=ygULVGVzbGEgc3RvY2s%3D
Tesla,https://www.youtube.com/watch?v=WfGWTzaf99k&pp=ygULVGVzbGEgc3RvY2s%3D
Tesla,https://www.youtube.com/watch?v=jP5xYPSuti8&pp=ygULVGVzbGEgc3RvY2s%3D
Tesla,https://www.youtube.com/watch?v=G5ioaAXYz6U&pp=ygULVGVzbGEgc3RvY2s%3D
Tesla,https://www.youtube.com/watch?v=eDN8znnUBCA&pp=ygULVGVzbGEgc3RvY2s%3D
Tesla,https://www.youtube.com/watch?v=SyxEZotYm6A&pp=ygULVGVzbGEgc3RvY2s%3D
Tesla,https://www.youtube.com/watch?v=0HATnDYIjkw&pp=ygULVGVzbGEgc3RvY2s%3D
Tesla,https://www.youtube.com/watch?v=A0zUcM9cP6k&pp=ygULVGVzbGEgc3RvY2s%3D
Tesla,https://www.youtube.com/watch?v=yTIhrGyKkjo&pp=ygULVGVzbGEgc3RvY2s%3D
Tesla,https://www.youtube.com/watch?v=y3BgYP2MIBE&pp=ygULVGVzbGEgc3RvY2s%3D
Tesla,https://www.youtube.com/watch?v=Ymx7xzij4mw&pp=ygULVGVzbGEgc3RvY2s%3D
Tesla,https://www.youtube.com/watch?v=FF1IbsLxkEc&pp=ygULVGVzbGEgc3RvY2s%3D
Tesla,https://www.youtube.com/watch?v=Sy_T4iZRQEs&pp=ygULVGVzbGEgc3RvY2s%3D
Tesla,https://www.youtube.com/watch?v=G4d5yV2BXdI&pp=ygULVGVzbGEgc3RvY2s%3D
IonQ,https://www.youtube.com/watch?v=z6QFzZpk0_s&pp=ygUKSW9uUSBzdG9jaw%3D%3D
IonQ,https://www.youtube.com/watch?v=rnjRhKozzW0&pp=ygUKSW9uUSBzdG9jaw%3D%3D
IonQ,https://www.youtube.com/watch?v=B-oVHrKyEtI&pp=ygUKSW9uUSBzdG9jaw%3D%3D
IonQ,https://www.youtube.com/watch?v=ceu4cY8TBR4&pp=ygUKSW9uUSBzdG9jaw%3D%3D
IonQ,https://www.youtube.com/watch?v=rLM2PEmoqxM&pp=ygUKSW9uUSBzdG9jaw%3D%3D
IonQ,https://www.youtube.com/watch?v=xqOKH-8Bzj0&pp=ygUKSW9uUSBzdG9jaw%3D%3D
IonQ,https://www.youtube.com/watch?v=TNOcSZPi5LQ&pp=ygUKSW9uUSBzdG9jaw%3D%3D
IonQ,https://www.youtube.com/watch?v=sFGRLxxayeo&pp=ygUKSW9uUSBzdG9jaw%3D%3D
IonQ,https://www.youtube.com/watch?v=A7ghFbSKMiI&pp=ygUKSW9uUSBzdG9jaw%3D%3D
IonQ,https://www.youtube.com/watch?v=tOOm3NwA2z8&pp=ygUKSW9uUSBzdG9jaw%3D%3D
IonQ,https://www.youtube.com/watch?v=0iNiz8IR81k&pp=ygUKSW9uUSBzdG9jaw%3D%3D
IonQ,https://www.youtube.com/watch?v=zqVWJkWaA-s&pp=ygUKSW9uUSBzdG9jaw%3D%3D
IonQ,https://www.youtube.com/watch?v=VJdBthccP_w&pp=ygUKSW9uUSBzdG9jaw%3D%3D
IonQ,https://www.youtube.com/watch?v=ybAMMHZyeMg&pp=ygUKSW9uUSBzdG9jaw%3D%3D
IonQ,https://www.youtube.com/watch?v=hfijKND97LM&pp=ygUKSW9uUSBzdG9jaw%3D%3D
IonQ,https://www.youtube.com/watch?v=hZPFEhAP868&pp=ygUKSW9uUSBzdG9jaw%3D%3D
IonQ,https://www.youtube.com/watch?v=xrmRDlwJ57I&pp=ygUKSW9uUSBzdG9jaw%3D%3D
IonQ,https://www.youtube.com/watch?v=7fQDlnXtRs4&pp=ygUKSW9uUSBzdG9jaw%3D%3D
IonQ,https://www.youtube.com/watch?v=nUxX3avrd8Y&pp=ygUKSW9uUSBzdG9jaw%3D%3D
IonQ,https://www.youtube.com/watch?v=pLVIMgs4_N0&pp=ygUKSW9uUSBzdG9jaw%3D%3D
IonQ,https://www.youtube.com/watch?v=GU2hdcSJqeE&pp=ygUKSW9uUSBzdG9jaw%3D%3D
IonQ,https://www.youtube.com/watch?v=0a2qJFVItuE&pp=ygUKSW9uUSBzdG9jaw%3D%3D
IonQ,https://www.youtube.com/watch?v=j3hCI2Z1DLw&pp=ygUKSW9uUSBzdG9jaw%3D%3D
IonQ,https://www.youtube.com/watch?v=6_1tDmaXDFs&pp=ygUKSW9uUSBzdG9jaw%3D%3D
IonQ,https://www.youtube.com/watch?v=qjPtd4rYyFQ&pp=ygUKSW9uUSBzdG9jaw%3D%3D
IonQ,https://www.youtube.com/watch?v=lI2bD-CQ7t4&pp=ygUKSW9uUSBzdG9jaw%3D%3D
IonQ,https://www.youtube.com/watch?v=C_DhZgc36Jk&pp=ygUKSW9uUSBzdG9jaw%3D%3D
IonQ,https://www.youtube.com/watch?v=RKAmpS4xS3o&pp=ygUKSW9uUSBzdG9jaw%3D%3D
IonQ,https://www.youtube.com/watch?v=yDGyAH9E8lA&pp=ygUKSW9uUSBzdG9jaw%3D%3D
IonQ,https://www.youtube.com/watch?v=HXePBxLMXvk&pp=ygUKSW9uUSBzdG9jaw%3D%3D
IonQ,https://www.youtube.com/watch?v=9iKkNKVNOes&pp=ygUKSW9uUSBzdG9jaw%3D%3D
IonQ,https://www.youtube.com/watch?v=pNhkuKt_svU&pp=ygUKSW9uUSBzdG9jaw%3D%3D
IonQ,https://www.youtube.com/watch?v=N09PrgOVDO8&pp=ygUKSW9uUSBzdG9jaw%3D%3D
IonQ,https://www.youtube.com/watch?v=jm6UNhe3SDc&pp=ygUKSW9uUSBzdG9jaw%3D%3D
IonQ,https://www.youtube.com/watch?v=VvPStdppPtE&pp=ygUKSW9uUSBzdG9jaw%3D%3D
IonQ,https://www.youtube.com/watch?v=pRvqlQja1O4&pp=ygUKSW9uUSBzdG9jaw%3D%3D
IonQ,https://www.youtube.com/watch?v=YOJjG8rZs20&pp=ygUKSW9uUSBzdG9jaw%3D%3D
IonQ,https://www.youtube.com/watch?v=MUV17mwWvfw&pp=ygUKSW9uUSBzdG9jaw%3D%3D
IonQ,https://www.youtube.com/watch?v=4zoyf2cSj1E&pp=ygUKSW9uUSBzdG9jaw%3D%3D
